<?xml version="1.0" encoding="UTF-8"?>
<metadata xml:lang="en"><Esri><CreaDate>20231026</CreaDate><CreaTime>12092900</CreaTime><ArcGISFormat>1.0</ArcGISFormat><SyncOnce>FALSE</SyncOnce><DataProperties><lineage><Process ToolSource="c:\program files (x86)\arcgis\desktop10.8\ArcToolbox\Toolboxes\Spatial Analyst Tools.tbx\ExtractMultiValuesToPoints" Date="20231026" Time="120929">ExtractMultiValuesToPoints RTSsdataset "slop90_geom_A.tif slop90_geo" NONE</Process><Process ToolSource="c:\program files (x86)\arcgis\desktop10.8\ArcToolbox\Toolboxes\Spatial Analyst Tools.tbx\ExtractMultiValuesToPoints" Date="20231026" Time="122604">ExtractMultiValuesToPoints RTSsdataset "slope90_geomo slope90_ge" NONE</Process><Process ToolSource="c:\program files\arcgis\pro\Resources\ArcToolbox\toolboxes\Conversion Tools.tbx\ExportFeatures" Date="20240610" Time="162058">ExportFeatures RTSsdataset E:\rts_absences.shp # NOT_USE_ALIAS "ID "ID" true true false 19 Double 0 0,First,#,RTSsdataset,ID,-1,-1;RTS "RTS" true true false 19 Double 0 0,First,#,RTSsdataset,RTS,-1,-1;POINT_X "POINT_X" true true false 19 Double 0 0,First,#,RTSsdataset,POINT_X,-1,-1;POINT_Y "POINT_Y" true true false 19 Double 0 0,First,#,RTSsdataset,POINT_Y,-1,-1;fdd "fdd" true true false 13 Float 0 0,First,#,RTSsdataset,fdd,-1,-1;aspect "aspect" true true false 13 Float 0 0,First,#,RTSsdataset,aspect,-1,-1;TDD "TDD" true true false 13 Float 0 0,First,#,RTSsdataset,TDD,-1,-1;ALT "ALT" true true false 19 Double 0 0,First,#,RTSsdataset,ALT,-1,-1;tpi "tpi" true true false 13 Float 0 0,First,#,RTSsdataset,tpi,-1,-1;roughnes "roughnes" true true false 13 Float 0 0,First,#,RTSsdataset,roughnes,-1,-1;prec "prec" true true false 13 Float 0 0,First,#,RTSsdataset,prec,-1,-1;maat "maat" true true false 13 Float 0 0,First,#,RTSsdataset,maat,-1,-1;snowfall "snowfall" true true false 13 Float 0 0,First,#,RTSsdataset,snowfall,-1,-1;rainfall "rainfall" true true false 13 Float 0 0,First,#,RTSsdataset,rainfall,-1,-1;water "water" true true false 13 Float 0 0,First,#,RTSsdataset,water,-1,-1;twi "twi" true true false 13 Float 0 0,First,#,RTSsdataset,twi,-1,-1;soildepth "soildepth" true true false 13 Float 0 0,First,#,RTSsdataset,soildepth,-1,-1;soc2 "soc2" true true false 13 Float 0 0,First,#,RTSsdataset,soc2,-1,-1;slope "slope" true true false 13 Float 0 0,First,#,RTSsdataset,slope,-1,-1;silt2 "silt2" true true false 13 Float 0 0,First,#,RTSsdataset,silt2,-1,-1;sand2 "sand2" true true false 13 Float 0 0,First,#,RTSsdataset,sand2,-1,-1;sol_rad "sol_rad" true true false 13 Float 0 0,First,#,RTSsdataset,sol_rad,-1,-1;bedrock "bedrock" true true false 13 Float 0 0,First,#,RTSsdataset,bedrock,-1,-1;ndvi "ndvi" true true false 13 Float 0 0,First,#,RTSsdataset,ndvi,-1,-1;coarse2 "coarse2" true true false 13 Float 0 0,First,#,RTSsdataset,coarse2,-1,-1;clay2 "clay2" true true false 13 Float 0 0,First,#,RTSsdataset,clay2,-1,-1;bulk_densi "bulk_densi" true true false 13 Float 0 0,First,#,RTSsdataset,bulk_densi,-1,-1;elevation_ "elevation_" true true false 13 Float 0 0,First,#,RTSsdataset,elevation_,-1,-1;slope_sib_ "slope_sib_" true true false 13 Float 0 0,First,#,RTSsdataset,slope_sib_,-1,-1;slope_aggr "slope_aggr" true true false 13 Float 0 0,First,#,RTSsdataset,slope_aggr,-1,-1;slope_sib1 "slope_sib1" true true false 13 Float 0 0,First,#,RTSsdataset,slope_sib1,-1,-1;slope_ag_1 "slope_ag_1" true true false 13 Float 0 0,First,#,RTSsdataset,slope_ag_1,-1,-1;slope_si_1 "slope_si_1" true true false 13 Float 0 0,First,#,RTSsdataset,slope_si_1,-1,-1;slope_sib "slope_sib" true true false 13 Float 0 0,First,#,RTSsdataset,slope_sib,-1,-1;slope_ag_2 "slope_ag_2" true true false 13 Float 0 0,First,#,RTSsdataset,slope_ag_2,-1,-1;slope_si_2 "slope_si_2" true true false 13 Float 0 0,First,#,RTSsdataset,slope_si_2,-1,-1;slope90m "slope90m" true true false 13 Float 0 0,First,#,RTSsdataset,slope90m,-1,-1;slope90m_a "slope90m_a" true true false 13 Float 0 0,First,#,RTSsdataset,slope90m_a,-1,-1;slop90_geo "slop90_geo" true true false 13 Float 0 0,First,#,RTSsdataset,slop90_geo,-1,-1" #</Process><Process ToolSource="c:\program files\arcgis\pro\Resources\ArcToolbox\toolboxes\Data Management Tools.tbx\DeleteField" Date="20240610" Time="162136">DeleteField rts_absences fdd;aspect;TDD;ALT;tpi;roughnes;prec;maat;snowfall;rainfall;water;twi;soildepth;soc2;slope;silt2;sand2;sol_rad "Delete Fields"</Process><Process ToolSource="c:\program files\arcgis\pro\Resources\ArcToolbox\toolboxes\Data Management Tools.tbx\DeleteField" Date="20240610" Time="162159">DeleteField rts_absences bedrock;ndvi;coarse2;clay2;bulk_densi;elevation_;slope_sib_;slope_aggr;slope_sib1;slope_ag_1;slope_si_1;slope_sib;slope_ag_2;slope_si_2;slope90m;slope90m_a;slop90_geo "Delete Fields"</Process></lineage><itemProps><itemName Sync="TRUE">rts_absences</itemName><imsContentType Sync="TRUE">002</imsContentType><itemSize Sync="TRUE">0.000</itemSize><itemLocation><linkage Sync="TRUE">file://\\OY2112136\E$\rts_absences.shp</linkage><protocol Sync="TRUE">Local Area Network</protocol></itemLocation></itemProps><coordRef><type Sync="TRUE">Geographic</type><geogcsn Sync="TRUE">GCS_WGS_1984</geogcsn><csUnits Sync="TRUE">Angular Unit: Degree (0.017453)</csUnits><peXml Sync="TRUE">&lt;GeographicCoordinateSystem xsi:type='typens:GeographicCoordinateSystem' xmlns:xsi='http://www.w3.org/2001/XMLSchema-instance' xmlns:xs='http://www.w3.org/2001/XMLSchema' xmlns:typens='http://www.esri.com/schemas/ArcGIS/3.1.0'&gt;&lt;WKT&gt;GEOGCS[&amp;quot;GCS_WGS_1984&amp;quot;,DATUM[&amp;quot;D_WGS_1984&amp;quot;,SPHEROID[&amp;quot;WGS_1984&amp;quot;,6378137.0,298.257223563]],PRIMEM[&amp;quot;Greenwich&amp;quot;,0.0],UNIT[&amp;quot;Degree&amp;quot;,0.0174532925199433],AUTHORITY[&amp;quot;EPSG&amp;quot;,4326]]&lt;/WKT&gt;&lt;XOrigin&gt;-400&lt;/XOrigin&gt;&lt;YOrigin&gt;-400&lt;/YOrigin&gt;&lt;XYScale&gt;11258999068426.238&lt;/XYScale&gt;&lt;ZOrigin&gt;-100000&lt;/ZOrigin&gt;&lt;ZScale&gt;10000&lt;/ZScale&gt;&lt;MOrigin&gt;-100000&lt;/MOrigin&gt;&lt;MScale&gt;10000&lt;/MScale&gt;&lt;XYTolerance&gt;8.983152841195215e-09&lt;/XYTolerance&gt;&lt;ZTolerance&gt;0.001&lt;/ZTolerance&gt;&lt;MTolerance&gt;0.001&lt;/MTolerance&gt;&lt;HighPrecision&gt;true&lt;/HighPrecision&gt;&lt;LeftLongitude&gt;-180&lt;/LeftLongitude&gt;&lt;WKID&gt;4326&lt;/WKID&gt;&lt;LatestWKID&gt;4326&lt;/LatestWKID&gt;&lt;/GeographicCoordinateSystem&gt;</peXml></coordRef></DataProperties><SyncDate>20240610</SyncDate><SyncTime>16205500</SyncTime><ModDate>20240610</ModDate><ModTime>16205500</ModTime></Esri><dataIdInfo><envirDesc Sync="TRUE">Microsoft Windows 10 Version 10.0 (Build 19045) ; Esri ArcGIS 13.1.0.41833</envirDesc><dataLang><languageCode value="eng" Sync="TRUE"></languageCode><countryCode value="GBR" Sync="TRUE"></countryCode></dataLang><idCitation><resTitle Sync="TRUE">rts_absences</resTitle><presForm><PresFormCd value="005" Sync="TRUE"></PresFormCd></presForm></idCitation><spatRpType><SpatRepTypCd value="001" Sync="TRUE"></SpatRepTypCd></spatRpType></dataIdInfo><mdLang><languageCode value="eng" Sync="TRUE"></languageCode><countryCode value="GBR" Sync="TRUE"></countryCode></mdLang><mdChar><CharSetCd value="004" Sync="TRUE"></CharSetCd></mdChar><distInfo><distFormat><formatName Sync="TRUE">Shapefile</formatName></distFormat><distTranOps><transSize Sync="TRUE">0.000</transSize></distTranOps></distInfo><mdHrLv><ScopeCd value="005" Sync="TRUE"></ScopeCd></mdHrLv><mdHrLvName Sync="TRUE">dataset</mdHrLvName><refSysInfo><RefSystem><refSysID><identCode code="4326" Sync="TRUE"></identCode><idCodeSpace Sync="TRUE">EPSG</idCodeSpace><idVersion Sync="TRUE">6.2(3.0.1)</idVersion></refSysID></RefSystem></refSysInfo><spatRepInfo><VectSpatRep><geometObjs Name="rts_absences"><geoObjTyp><GeoObjTypCd value="004" Sync="TRUE"></GeoObjTypCd></geoObjTyp><geoObjCnt Sync="TRUE">0</geoObjCnt></geometObjs><topLvl><TopoLevCd value="001" Sync="TRUE"></TopoLevCd></topLvl></VectSpatRep></spatRepInfo><spdoinfo><ptvctinf><esriterm Name="rts_absences"><efeatyp Sync="TRUE">Simple</efeatyp><efeageom code="1" Sync="TRUE"></efeageom><esritopo Sync="TRUE">FALSE</esritopo><efeacnt Sync="TRUE">0</efeacnt><spindex Sync="TRUE">FALSE</spindex><linrefer Sync="TRUE">FALSE</linrefer></esriterm></ptvctinf></spdoinfo><eainfo><detailed Name="rts_absences"><enttyp><enttypl Sync="TRUE">rts_absences</enttypl><enttypt Sync="TRUE">Feature Class</enttypt><enttypc Sync="TRUE">0</enttypc></enttyp><attr><attrlabl Sync="TRUE">FID</attrlabl><attalias Sync="TRUE">FID</attalias><attrtype Sync="TRUE">OID</attrtype><attwidth Sync="TRUE">4</attwidth><atprecis Sync="TRUE">0</atprecis><attscale Sync="TRUE">0</attscale><attrdef Sync="TRUE">Internal feature number.</attrdef><attrdefs Sync="TRUE">Esri</attrdefs><attrdomv><udom Sync="TRUE">Sequential unique whole numbers that are automatically generated.</udom></attrdomv></attr><attr><attrlabl Sync="TRUE">Shape</attrlabl><attalias Sync="TRUE">Shape</attalias><attrtype Sync="TRUE">Geometry</attrtype><attwidth Sync="TRUE">0</attwidth><atprecis Sync="TRUE">0</atprecis><attscale Sync="TRUE">0</attscale><attrdef Sync="TRUE">Feature geometry.</attrdef><attrdefs Sync="TRUE">Esri</attrdefs><attrdomv><udom Sync="TRUE">Coordinates defining the features.</udom></attrdomv></attr><attr><attrlabl Sync="TRUE">ID</attrlabl><attalias Sync="TRUE">ID</attalias><attrtype Sync="TRUE">Double</attrtype><attwidth Sync="TRUE">19</attwidth><atprecis Sync="TRUE">0</atprecis><attscale Sync="TRUE">0</attscale></attr><attr><attrlabl Sync="TRUE">RTS</attrlabl><attalias Sync="TRUE">RTS</attalias><attrtype Sync="TRUE">Double</attrtype><attwidth Sync="TRUE">19</attwidth><atprecis Sync="TRUE">0</atprecis><attscale Sync="TRUE">0</attscale></attr><attr><attrlabl Sync="TRUE">POINT_X</attrlabl><attalias Sync="TRUE">POINT_X</attalias><attrtype Sync="TRUE">Double</attrtype><attwidth Sync="TRUE">19</attwidth><atprecis Sync="TRUE">0</atprecis><attscale Sync="TRUE">0</attscale></attr><attr><attrlabl Sync="TRUE">POINT_Y</attrlabl><attalias Sync="TRUE">POINT_Y</attalias><attrtype Sync="TRUE">Double</attrtype><attwidth Sync="TRUE">19</attwidth><atprecis Sync="TRUE">0</atprecis><attscale Sync="TRUE">0</attscale></attr><attr><attrlabl Sync="TRUE">fdd</attrlabl><attalias Sync="TRUE">fdd</attalias><attrtype Sync="TRUE">Single</attrtype><attwidth Sync="TRUE">13</attwidth><atprecis Sync="TRUE">0</atprecis><attscale Sync="TRUE">0</attscale></attr><attr><attrlabl Sync="TRUE">aspect</attrlabl><attalias Sync="TRUE">aspect</attalias><attrtype Sync="TRUE">Single</attrtype><attwidth Sync="TRUE">13</attwidth><atprecis Sync="TRUE">0</atprecis><attscale Sync="TRUE">0</attscale></attr><attr><attrlabl Sync="TRUE">TDD</attrlabl><attalias Sync="TRUE">TDD</attalias><attrtype Sync="TRUE">Single</attrtype><attwidth Sync="TRUE">13</attwidth><atprecis Sync="TRUE">0</atprecis><attscale Sync="TRUE">0</attscale></attr><attr><attrlabl Sync="TRUE">ALT</attrlabl><attalias Sync="TRUE">ALT</attalias><attrtype Sync="TRUE">Double</attrtype><attwidth Sync="TRUE">19</attwidth><atprecis Sync="TRUE">0</atprecis><attscale Sync="TRUE">0</attscale></attr><attr><attrlabl Sync="TRUE">tpi</attrlabl><attalias Sync="TRUE">tpi</attalias><attrtype Sync="TRUE">Single</attrtype><attwidth Sync="TRUE">13</attwidth><atprecis Sync="TRUE">0</atprecis><attscale Sync="TRUE">0</attscale></attr><attr><attrlabl Sync="TRUE">roughnes</attrlabl><attalias Sync="TRUE">roughnes</attalias><attrtype Sync="TRUE">Single</attrtype><attwidth Sync="TRUE">13</attwidth><atprecis Sync="TRUE">0</atprecis><attscale Sync="TRUE">0</attscale></attr><attr><attrlabl Sync="TRUE">prec</attrlabl><attalias Sync="TRUE">prec</attalias><attrtype Sync="TRUE">Single</attrtype><attwidth Sync="TRUE">13</attwidth><atprecis Sync="TRUE">0</atprecis><attscale Sync="TRUE">0</attscale></attr><attr><attrlabl Sync="TRUE">maat</attrlabl><attalias Sync="TRUE">maat</attalias><attrtype Sync="TRUE">Single</attrtype><attwidth Sync="TRUE">13</attwidth><atprecis Sync="TRUE">0</atprecis><attscale Sync="TRUE">0</attscale></attr><attr><attrlabl Sync="TRUE">snowfall</attrlabl><attalias Sync="TRUE">snowfall</attalias><attrtype Sync="TRUE">Single</attrtype><attwidth Sync="TRUE">13</attwidth><atprecis Sync="TRUE">0</atprecis><attscale Sync="TRUE">0</attscale></attr><attr><attrlabl Sync="TRUE">rainfall</attrlabl><attalias Sync="TRUE">rainfall</attalias><attrtype Sync="TRUE">Single</attrtype><attwidth Sync="TRUE">13</attwidth><atprecis Sync="TRUE">0</atprecis><attscale Sync="TRUE">0</attscale></attr><attr><attrlabl Sync="TRUE">water</attrlabl><attalias Sync="TRUE">water</attalias><attrtype Sync="TRUE">Single</attrtype><attwidth Sync="TRUE">13</attwidth><atprecis Sync="TRUE">0</atprecis><attscale Sync="TRUE">0</attscale></attr><attr><attrlabl Sync="TRUE">twi</attrlabl><attalias Sync="TRUE">twi</attalias><attrtype Sync="TRUE">Single</attrtype><attwidth Sync="TRUE">13</attwidth><atprecis Sync="TRUE">0</atprecis><attscale Sync="TRUE">0</attscale></attr><attr><attrlabl Sync="TRUE">soildepth</attrlabl><attalias Sync="TRUE">soildepth</attalias><attrtype Sync="TRUE">Single</attrtype><attwidth Sync="TRUE">13</attwidth><atprecis Sync="TRUE">0</atprecis><attscale Sync="TRUE">0</attscale></attr><attr><attrlabl Sync="TRUE">soc2</attrlabl><attalias Sync="TRUE">soc2</attalias><attrtype Sync="TRUE">Single</attrtype><attwidth Sync="TRUE">13</attwidth><atprecis Sync="TRUE">0</atprecis><attscale Sync="TRUE">0</attscale></attr><attr><attrlabl Sync="TRUE">slope</attrlabl><attalias Sync="TRUE">slope</attalias><attrtype Sync="TRUE">Single</attrtype><attwidth Sync="TRUE">13</attwidth><atprecis Sync="TRUE">0</atprecis><attscale Sync="TRUE">0</attscale></attr><attr><attrlabl Sync="TRUE">silt2</attrlabl><attalias Sync="TRUE">silt2</attalias><attrtype Sync="TRUE">Single</attrtype><attwidth Sync="TRUE">13</attwidth><atprecis Sync="TRUE">0</atprecis><attscale Sync="TRUE">0</attscale></attr><attr><attrlabl Sync="TRUE">sand2</attrlabl><attalias Sync="TRUE">sand2</attalias><attrtype Sync="TRUE">Single</attrtype><attwidth Sync="TRUE">13</attwidth><atprecis Sync="TRUE">0</atprecis><attscale Sync="TRUE">0</attscale></attr><attr><attrlabl Sync="TRUE">sol_rad</attrlabl><attalias Sync="TRUE">sol_rad</attalias><attrtype Sync="TRUE">Single</attrtype><attwidth Sync="TRUE">13</attwidth><atprecis Sync="TRUE">0</atprecis><attscale Sync="TRUE">0</attscale></attr><attr><attrlabl Sync="TRUE">bedrock</attrlabl><attalias Sync="TRUE">bedrock</attalias><attrtype Sync="TRUE">Single</attrtype><attwidth Sync="TRUE">13</attwidth><atprecis Sync="TRUE">0</atprecis><attscale Sync="TRUE">0</attscale></attr><attr><attrlabl Sync="TRUE">ndvi</attrlabl><attalias Sync="TRUE">ndvi</attalias><attrtype Sync="TRUE">Single</attrtype><attwidth Sync="TRUE">13</attwidth><atprecis Sync="TRUE">0</atprecis><attscale Sync="TRUE">0</attscale></attr><attr><attrlabl Sync="TRUE">coarse2</attrlabl><attalias Sync="TRUE">coarse2</attalias><attrtype Sync="TRUE">Single</attrtype><attwidth Sync="TRUE">13</attwidth><atprecis Sync="TRUE">0</atprecis><attscale Sync="TRUE">0</attscale></attr><attr><attrlabl Sync="TRUE">clay2</attrlabl><attalias Sync="TRUE">clay2</attalias><attrtype Sync="TRUE">Single</attrtype><attwidth Sync="TRUE">13</attwidth><atprecis Sync="TRUE">0</atprecis><attscale Sync="TRUE">0</attscale></attr><attr><attrlabl Sync="TRUE">bulk_densi</attrlabl><attalias Sync="TRUE">bulk_densi</attalias><attrtype Sync="TRUE">Single</attrtype><attwidth Sync="TRUE">13</attwidth><atprecis Sync="TRUE">0</atprecis><attscale Sync="TRUE">0</attscale></attr><attr><attrlabl Sync="TRUE">elevation_</attrlabl><attalias Sync="TRUE">elevation_</attalias><attrtype Sync="TRUE">Single</attrtype><attwidth Sync="TRUE">13</attwidth><atprecis Sync="TRUE">0</atprecis><attscale Sync="TRUE">0</attscale></attr><attr><attrlabl Sync="TRUE">slope_sib_</attrlabl><attalias Sync="TRUE">slope_sib_</attalias><attrtype Sync="TRUE">Single</attrtype><attwidth Sync="TRUE">13</attwidth><atprecis Sync="TRUE">0</atprecis><attscale Sync="TRUE">0</attscale></attr><attr><attrlabl Sync="TRUE">slope_aggr</attrlabl><attalias Sync="TRUE">slope_aggr</attalias><attrtype Sync="TRUE">Single</attrtype><attwidth Sync="TRUE">13</attwidth><atprecis Sync="TRUE">0</atprecis><attscale Sync="TRUE">0</attscale></attr><attr><attrlabl Sync="TRUE">slope_sib1</attrlabl><attalias Sync="TRUE">slope_sib1</attalias><attrtype Sync="TRUE">Single</attrtype><attwidth Sync="TRUE">13</attwidth><atprecis Sync="TRUE">0</atprecis><attscale Sync="TRUE">0</attscale></attr><attr><attrlabl Sync="TRUE">slope_ag_1</attrlabl><attalias Sync="TRUE">slope_ag_1</attalias><attrtype Sync="TRUE">Single</attrtype><attwidth Sync="TRUE">13</attwidth><atprecis Sync="TRUE">0</atprecis><attscale Sync="TRUE">0</attscale></attr><attr><attrlabl Sync="TRUE">slope_si_1</attrlabl><attalias Sync="TRUE">slope_si_1</attalias><attrtype Sync="TRUE">Single</attrtype><attwidth Sync="TRUE">13</attwidth><atprecis Sync="TRUE">0</atprecis><attscale Sync="TRUE">0</attscale></attr><attr><attrlabl Sync="TRUE">slope_sib</attrlabl><attalias Sync="TRUE">slope_sib</attalias><attrtype Sync="TRUE">Single</attrtype><attwidth Sync="TRUE">13</attwidth><atprecis Sync="TRUE">0</atprecis><attscale Sync="TRUE">0</attscale></attr><attr><attrlabl Sync="TRUE">slope_ag_2</attrlabl><attalias Sync="TRUE">slope_ag_2</attalias><attrtype Sync="TRUE">Single</attrtype><attwidth Sync="TRUE">13</attwidth><atprecis Sync="TRUE">0</atprecis><attscale Sync="TRUE">0</attscale></attr><attr><attrlabl Sync="TRUE">slope_si_2</attrlabl><attalias Sync="TRUE">slope_si_2</attalias><attrtype Sync="TRUE">Single</attrtype><attwidth Sync="TRUE">13</attwidth><atprecis Sync="TRUE">0</atprecis><attscale Sync="TRUE">0</attscale></attr><attr><attrlabl Sync="TRUE">slope90m</attrlabl><attalias Sync="TRUE">slope90m</attalias><attrtype Sync="TRUE">Single</attrtype><attwidth Sync="TRUE">13</attwidth><atprecis Sync="TRUE">0</atprecis><attscale Sync="TRUE">0</attscale></attr><attr><attrlabl Sync="TRUE">slope90m_a</attrlabl><attalias Sync="TRUE">slope90m_a</attalias><attrtype Sync="TRUE">Single</attrtype><attwidth Sync="TRUE">13</attwidth><atprecis Sync="TRUE">0</atprecis><attscale Sync="TRUE">0</attscale></attr><attr><attrlabl Sync="TRUE">slop90_geo</attrlabl><attalias Sync="TRUE">slop90_geo</attalias><attrtype Sync="TRUE">Single</attrtype><attwidth Sync="TRUE">13</attwidth><atprecis Sync="TRUE">0</atprecis><attscale Sync="TRUE">0</attscale></attr></detailed></eainfo><mdDateSt Sync="TRUE">20240610</mdDateSt></metadata>
